Position,Const,Created,Modified,Description,Title,URL,Title Type,IMDb Rating,Runtime (mins),Year,Genres,Num Votes,Release Date,Directors
1,tt0141842,2013-04-24,2013-04-24,,The Sopranos,https://www.imdb.com/title/tt0141842/,tvSeries,9.2,55,1999,"Crime, Drama",249935,1999-01-10,
2,tt0944947,2013-04-24,2013-04-24,,Game of Thrones,https://www.imdb.com/title/tt0944947/,tvSeries,9.5,57,2011,"Action, Adventure, Drama, Fantasy, Romance",1482147,2011-04-17,
3,tt0306414,2013-04-24,2013-04-24,,The Wire,https://www.imdb.com/title/tt0306414/,tvSeries,9.3,59,2002,"Crime, Drama, Thriller",243102,2002-06-02,
4,tt0773262,2013-04-24,2013-04-24,,Dexter,https://www.imdb.com/title/tt0773262/,tvSeries,8.7,53,2006,"Crime, Drama, Mystery, Thriller",594646,2006-10-01,
5,tt0903747,2013-04-24,2013-04-24,,Breaking Bad,https://www.imdb.com/title/tt0903747/,tvSeries,9.5,49,2008,"Crime, Drama, Thriller",1186555,2008-01-20,
6,tt1520211,2013-04-24,2013-04-24,,The Walking Dead,https://www.imdb.com/title/tt1520211/,tvSeries,8.3,44,2010,"Drama, Horror, Thriller",782998,2010-10-31,
7,tt0979432,2013-04-24,2013-04-24,,Boardwalk Empire,https://www.imdb.com/title/tt0979432/,tvSeries,8.6,55,2010,"Crime, Drama, History",158968,2010-09-19,
8,tt0384766,2013-04-24,2013-04-24,,Rome,https://www.imdb.com/title/tt0384766/,tvSeries,8.8,90,2005,"Action, Drama, History, Romance, War",139872,2005-08-28,
9,tt0804503,2013-04-24,2013-04-24,,Mad Men,https://www.imdb.com/title/tt0804503/,tvSeries,8.6,47,2007,Drama,179153,2007-07-19,
10,tt1124373,2013-04-24,2013-04-24,,Sons of Anarchy,https://www.imdb.com/title/tt1124373/,tvSeries,8.6,45,2008,"Crime, Drama, Thriller",229339,2008-09-03,
11,tt0200276,2013-04-24,2013-04-24,,The West Wing,https://www.imdb.com/title/tt0200276/,tvSeries,8.7,44,1999,Drama,55700,1999-09-22,
12,tt0439100,2013-04-24,2013-04-24,,Weeds,https://www.imdb.com/title/tt0439100/,tvSeries,8.0,28,2005,"Comedy, Crime, Drama",96981,2005-08-07,
13,tt0411008,2013-04-24,2013-04-24,,Lost,https://www.imdb.com/title/tt0411008/,tvSeries,8.4,44,2004,"Adventure, Drama, Fantasy, Mystery, Sci-Fi, Thriller",453429,2004-09-22,
14,tt1632701,2013-04-24,2013-04-24,,Suits,https://www.imdb.com/title/tt1632701/,tvSeries,8.5,44,2011,"Comedy, Drama",324534,2011-06-23,
15,tt1796960,2013-04-24,2013-04-24,,Homeland,https://www.imdb.com/title/tt1796960/,tvSeries,8.3,55,2011,"Crime, Drama, Mystery, Thriller",278513,2011-10-02,
16,tt1442449,2013-04-24,2013-04-24,,Spartacus: Blood and Sand,https://www.imdb.com/title/tt1442449/,tvSeries,8.5,55,2010,"Action, Adventure, Biography, Drama, History, Romance",204261,2010-01-22,
17,tt0096697,2013-04-24,2013-04-24,,The Simpsons,https://www.imdb.com/title/tt0096697/,tvSeries,8.7,22,1989,"Animation, Comedy",331413,1989-12-17,
18,tt0182576,2013-04-24,2013-04-24,,Family Guy,https://www.imdb.com/title/tt0182576/,tvSeries,8.2,22,1999,"Animation, Comedy",282357,1999-01-31,
19,tt0460649,2013-04-24,2013-04-24,,How I Met Your Mother,https://www.imdb.com/title/tt0460649/,tvSeries,8.3,22,2005,"Comedy, Romance",537492,2005-09-19,
20,tt0118421,2013-04-24,2013-04-24,,Oz,https://www.imdb.com/title/tt0118421/,tvSeries,8.7,55,1997,"Crime, Drama, Thriller",81064,1997-07-12,
21,tt0303461,2013-04-24,2013-04-24,,Firefly,https://www.imdb.com/title/tt0303461/,tvSeries,9.0,44,2002,"Adventure, Drama, Sci-Fi",224749,2002-09-20,
22,tt0149460,2013-04-24,2013-04-24,,Futurama,https://www.imdb.com/title/tt0149460/,tvSeries,8.5,22,1999,"Animation, Comedy, Sci-Fi",194439,1999-03-28,
23,tt0121955,2013-04-24,2013-04-24,,South Park,https://www.imdb.com/title/tt0121955/,tvSeries,8.7,22,1997,"Animation, Comedy",299016,1997-08-13,
24,tt0387199,2013-04-24,2013-04-24,,Entourage,https://www.imdb.com/title/tt0387199/,tvSeries,8.5,28,2004,"Comedy, Drama",151382,2004-07-18,
25,tt0904208,2013-04-24,2013-04-24,,Californication,https://www.imdb.com/title/tt0904208/,tvSeries,8.3,28,2007,"Comedy, Drama",163233,2007-08-13,
26,tt0098904,2013-04-24,2013-04-24,,Seinfeld,https://www.imdb.com/title/tt0098904/,tvSeries,8.9,22,1989,Comedy,223071,1989-07-05,
27,tt0319969,2013-04-24,2013-04-24,,Carnivàle,https://www.imdb.com/title/tt0319969/,tvSeries,8.5,55,2003,"Drama, Fantasy, Mystery, Thriller",40056,2003-09-14,
28,tt0805663,2013-04-24,2013-04-24,,Jericho,https://www.imdb.com/title/tt0805663/,tvSeries,8.0,45,2006,"Action, Drama, Mystery, Sci-Fi",51623,2006-09-20,
29,tt1441135,2013-04-24,2013-04-24,,Flashforward,https://www.imdb.com/title/tt1441135/,tvSeries,7.6,42,2009,"Drama, Mystery, Sci-Fi, Thriller",57325,2009-09-24,
30,tt0844441,2013-04-24,2013-04-24,,True Blood,https://www.imdb.com/title/tt0844441/,tvSeries,7.9,55,2008,"Drama, Fantasy, Mystery, Romance, Thriller",218653,2008-09-07,
31,tt1405406,2013-04-24,2013-04-24,,The Vampire Diaries,https://www.imdb.com/title/tt1405406/,tvSeries,7.7,43,2009,"Drama, Fantasy, Horror, Mystery, Romance, Thriller",261286,2009-09-10,
32,tt0367279,2013-04-24,2013-04-24,,Arrested Development,https://www.imdb.com/title/tt0367279/,tvSeries,8.8,22,2003,Comedy,254572,2003-11-02,
33,tt0348914,2013-04-24,2013-04-24,,Deadwood,https://www.imdb.com/title/tt0348914/,tvSeries,8.7,55,2004,"Crime, Drama, History, Western",81925,2004-03-21,
34,tt0248654,2013-04-24,2013-04-24,,Six Feet Under,https://www.imdb.com/title/tt0248654/,tvSeries,8.7,55,2001,"Comedy, Drama",109995,2001-06-03,
35,tt1833285,2013-04-24,2013-04-24,,Boss,https://www.imdb.com/title/tt1833285/,tvSeries,8.1,56,2011,"Crime, Drama",16432,2011-10-21,
36,tt1699748,2013-04-24,2013-04-24,,Hell on Wheels,https://www.imdb.com/title/tt1699748/,tvSeries,8.3,42,2011,"Drama, Western",44361,2011-11-06,
37,tt0286486,2013-04-24,2013-04-24,,The Shield,https://www.imdb.com/title/tt0286486/,tvSeries,8.7,47,2002,"Crime, Drama, Thriller",65624,2002-03-12,
38,tt1595859,2013-04-24,2013-04-24,,Blue Bloods,https://www.imdb.com/title/tt1595859/,tvSeries,7.6,43,2010,"Crime, Drama",28667,2010-09-24,
39,tt1548850,2013-04-24,2013-04-24,,Misfits,https://www.imdb.com/title/tt1548850/,tvSeries,8.2,60,2009,"Comedy, Drama, Fantasy, Romance, Sci-Fi",86444,2009-11-12,
40,tt1586680,2013-04-24,2013-04-24,,Shameless,https://www.imdb.com/title/tt1586680/,tvSeries,8.7,46,2011,"Comedy, Drama",169449,2011-01-09,
41,tt0898266,2013-04-24,2013-04-24,,The Big Bang Theory,https://www.imdb.com/title/tt0898266/,tvSeries,8.2,22,2007,"Comedy, Romance",642792,2006-05-01,
42,tt0381798,2013-04-24,2013-04-24,,Rescue Me,https://www.imdb.com/title/tt0381798/,tvSeries,8.4,60,2004,"Drama, Comedy",23861,2004-07-21,
43,tt1582457,2013-04-24,2013-04-24,,The Borgias,https://www.imdb.com/title/tt1582457/,tvSeries,7.9,50,2011,"Crime, Drama, History, Romance",44983,2011-04-03,
44,tt0472954,2013-04-24,2013-04-24,,It's Always Sunny in Philadelphia,https://www.imdb.com/title/tt0472954/,tvSeries,8.8,22,2005,Comedy,169603,2005-08-04,
45,tt0106179,2013-04-24,2013-04-24,,The X Files,https://www.imdb.com/title/tt0106179/,tvSeries,8.7,45,1993,"Drama, Mystery, Sci-Fi, Thriller",182217,1993-09-10,
46,tt0264235,2013-04-24,2013-04-24,,Curb Your Enthusiasm,https://www.imdb.com/title/tt0264235/,tvSeries,8.7,28,2000,Comedy,84601,2000-10-15,
47,tt1582350,2013-04-24,2013-04-24,,Episodes,https://www.imdb.com/title/tt1582350/,tvSeries,7.9,30,2011,Comedy,30371,2011-01-09,
48,tt1844624,2013-04-24,2013-04-24,,American Horror Story,https://www.imdb.com/title/tt1844624/,tvSeries,8.1,60,2011,"Drama, Horror, Thriller",248102,2011-10-05,
49,tt1797404,2013-04-24,2013-04-24,,House of Lies,https://www.imdb.com/title/tt1797404/,tvSeries,7.4,28,2012,"Comedy, Drama",22652,2012-01-08,
50,tt1474684,2013-04-24,2013-04-24,,Luther,https://www.imdb.com/title/tt1474684/,tvSeries,8.5,60,2010,"Crime, Drama, Mystery, Thriller",104749,2010-05-04,
51,tt1489428,2013-04-24,2013-04-24,,Justified,https://www.imdb.com/title/tt1489428/,tvSeries,8.6,44,2010,"Action, Crime, Drama, Mystery, Thriller",76646,2010-03-16,
52,tt0285331,2013-04-24,2013-04-24,,24,https://www.imdb.com/title/tt0285331/,tvSeries,8.4,44,2001,"Action, Crime, Drama, Thriller",162780,2001-11-06,
53,tt1475582,2013-04-24,2013-04-24,,Sherlock,https://www.imdb.com/title/tt1475582/,tvSeries,9.1,88,2010,"Crime, Drama, Mystery, Thriller",698712,2010-07-25,
54,tt1637727,2013-04-24,2013-04-24,,The Killing,https://www.imdb.com/title/tt1637727/,tvSeries,8.3,45,2011,"Crime, Drama, Mystery, Thriller",89087,2011-04-03,
55,tt0285403,2013-04-24,2013-04-24,,Scrubs,https://www.imdb.com/title/tt0285403/,tvSeries,8.4,22,2001,"Comedy, Drama",223246,2001-10-02,
56,tt0412142,2013-04-24,2013-04-24,,House M.D.,https://www.imdb.com/title/tt0412142/,tvSeries,8.7,44,2004,"Drama, Mystery",373239,2004-11-16,
57,tt0413573,2013-04-24,2013-04-24,,Grey's Anatomy,https://www.imdb.com/title/tt0413573/,tvSeries,7.6,41,2005,"Drama, Romance",211272,2005-03-27,
58,tt0108757,2013-04-24,2013-04-24,,ER,https://www.imdb.com/title/tt0108757/,tvSeries,7.8,44,1994,"Drama, Romance",46159,1994-09-19,
59,tt0108778,2013-04-24,2013-04-24,,Friends,https://www.imdb.com/title/tt0108778/,tvSeries,8.9,22,1994,"Comedy, Romance",666315,1994-09-22,
60,tt1119644,2013-04-24,2013-04-24,,Fringe,https://www.imdb.com/title/tt1119644/,tvSeries,8.4,46,2008,"Drama, Mystery, Sci-Fi, Thriller",206057,2008-09-09,
61,tt0460681,2013-04-24,2013-04-24,,Supernatural,https://www.imdb.com/title/tt0460681/,tvSeries,8.5,44,2005,"Drama, Fantasy, Horror, Mystery, Thriller",350926,2005-09-13,
62,tt0098936,2013-04-24,2013-04-24,,Twin Peaks,https://www.imdb.com/title/tt0098936/,tvSeries,8.8,47,1990,"Crime, Drama, Mystery, Thriller",153175,1989-09-30,
63,tt0118276,2013-04-24,2013-04-24,,Buffy the Vampire Slayer,https://www.imdb.com/title/tt0118276/,tvSeries,8.2,44,1997,"Action, Drama, Fantasy, Romance",117785,1997-03-10,
64,tt0162065,2013-04-24,2013-04-24,,Angel,https://www.imdb.com/title/tt0162065/,tvSeries,8.0,44,1999,"Action, Drama, Fantasy, Thriller",59284,1999-10-05,
65,tt0312172,2013-04-24,2013-04-24,,Monk,https://www.imdb.com/title/tt0312172/,tvSeries,8.0,44,2002,"Comedy, Crime, Drama, Mystery",58913,2002-07-12,
66,tt0412253,2013-04-24,2013-04-24,,Veronica Mars,https://www.imdb.com/title/tt0412253/,tvSeries,8.4,44,2004,"Crime, Drama, Mystery",60515,2004-09-22,
67,tt0758745,2013-04-24,2013-04-24,,Friday Night Lights,https://www.imdb.com/title/tt0758745/,tvSeries,8.7,44,2006,"Drama, Sport",50835,2006-10-03,
68,tt0436992,2013-04-24,2013-04-24,,Doctor Who,https://www.imdb.com/title/tt0436992/,tvSeries,8.7,45,2005,"Adventure, Drama, Family, Mystery, Sci-Fi",183164,2005-03-26,
69,tt0407362,2013-04-24,2013-04-24,,Battlestar Galactica,https://www.imdb.com/title/tt0407362/,tvSeries,8.7,44,2004,"Action, Adventure, Drama, Sci-Fi",140571,2004-10-18,
70,tt1073507,2013-04-24,2013-04-24,,Party Down,https://www.imdb.com/title/tt1073507/,tvSeries,8.3,30,2009,Comedy,25710,2009-03-20,
71,tt1439629,2013-04-24,2013-04-24,,Community,https://www.imdb.com/title/tt1439629/,tvSeries,8.5,22,2009,Comedy,173835,2009-09-17,
72,tt1266020,2013-04-24,2013-04-24,,Parks and Recreation,https://www.imdb.com/title/tt1266020/,tvSeries,8.6,22,2009,Comedy,174705,2009-04-09,
73,tt1492966,2013-04-24,2013-04-24,,Louie,https://www.imdb.com/title/tt1492966/,tvSeries,8.5,22,2010,"Comedy, Drama",70293,2010-06-29,
74,tt1486217,2013-04-24,2013-04-24,,Archer,https://www.imdb.com/title/tt1486217/,tvSeries,8.7,22,2009,"Animation, Action, Comedy",122965,2009-09-17,
75,tt1587678,2013-04-24,2013-04-24,,Happy Endings,https://www.imdb.com/title/tt1587678/,tvSeries,7.7,22,2011,"Comedy, Romance",32441,2011-04-13,
76,tt0361217,2013-04-24,2013-04-24,,Nip/Tuck,https://www.imdb.com/title/tt0361217/,tvSeries,7.7,44,2003,Drama,50494,2003-07-22,
77,tt0212671,2013-04-24,2013-04-24,,Malcolm in the Middle,https://www.imdb.com/title/tt0212671/,tvSeries,8.0,22,2000,"Comedy, Family",108296,2000-01-09,
78,tt0455275,2013-04-24,2013-04-24,,Prison Break,https://www.imdb.com/title/tt0455275/,tvSeries,8.4,44,2005,"Action, Crime, Drama, Mystery, Thriller",428039,2005-08-29,
79,tt1870479,2013-04-24,2013-04-24,,The Newsroom,https://www.imdb.com/title/tt1870479/,tvSeries,8.6,55,2012,Drama,95377,2012-06-24,
80,tt1442437,2013-04-24,2013-04-24,,Modern Family,https://www.imdb.com/title/tt1442437/,tvSeries,8.4,22,2009,"Comedy, Romance",310687,2009-09-23,
81,tt0433309,2013-04-24,2013-04-24,,Numb3rs,https://www.imdb.com/title/tt0433309/,tvSeries,6.9,43,2005,"Crime, Drama, Mystery, Thriller",37071,2005-01-23,
82,tt1196946,2013-04-24,2013-04-24,,The Mentalist,https://www.imdb.com/title/tt1196946/,tvSeries,8.1,43,2008,"Crime, Drama, Mystery, Thriller",151608,2008-09-23,
83,tt1442462,2013-04-24,2013-04-24,,The Good Wife,https://www.imdb.com/title/tt1442462/,tvSeries,8.3,43,2009,"Crime, Drama, Mystery",62551,2009-09-22,
84,tt0810788,2013-04-24,2013-04-24,,Burn Notice,https://www.imdb.com/title/tt0810788/,tvSeries,8.0,44,2007,"Action, Crime, Drama, Mystery, Thriller",64492,2007-06-28,
85,tt1358522,2013-04-24,2013-04-24,,White Collar,https://www.imdb.com/title/tt1358522/,tvSeries,8.3,40,2009,"Comedy, Crime, Drama, Mystery",109888,2009-10-23,
86,tt1723760,2013-04-24,2013-04-24,,Dallas,https://www.imdb.com/title/tt1723760/,tvSeries,7.2,42,2012,"Drama, Romance",9665,2012-06-13,
87,tt0193676,2013-04-24,2013-04-24,,Freaks and Geeks,https://www.imdb.com/title/tt0193676/,tvSeries,8.8,44,1999,"Comedy, Drama",118045,1999-09-25,
88,tt1480684,2013-04-24,2013-04-24,,The League,https://www.imdb.com/title/tt1480684/,tvSeries,8.3,22,2009,"Comedy, Sport",40902,2009-10-29,
89,tt0813715,2013-04-24,2013-04-24,,Heroes,https://www.imdb.com/title/tt0813715/,tvSeries,7.6,45,2006,"Drama, Fantasy, Sci-Fi, Thriller",218317,2006-07-22,
90,tt0410975,2013-04-24,2013-04-24,,Desperate Housewives,https://www.imdb.com/title/tt0410975/,tvSeries,7.5,45,2004,"Comedy, Drama, Mystery, Romance",106784,2004-10-03,
91,tt1349938,2013-04-24,2013-04-24,,Being Human,https://www.imdb.com/title/tt1349938/,tvSeries,7.8,60,2008,"Comedy, Drama, Fantasy, Horror",22756,2008-02-18,
92,tt1378167,2013-04-24,2013-04-24,,NCIS: Los Angeles,https://www.imdb.com/title/tt1378167/,tvSeries,6.7,43,2009,"Action, Crime, Drama",44472,2009-09-22,
93,tt0313043,2013-04-24,2013-04-24,,CSI: Miami,https://www.imdb.com/title/tt0313043/,tvSeries,6.4,43,2002,"Action, Crime, Drama, Mystery, Thriller",49579,2002-09-23,
94,tt0491738,2013-04-24,2013-04-24,,Psych,https://www.imdb.com/title/tt0491738/,tvSeries,8.4,44,2006,"Comedy, Crime, Mystery",77179,2006-07-07,
95,tt2071645,2013-04-24,2013-04-24,,The Following,https://www.imdb.com/title/tt2071645/,tvSeries,7.5,43,2013,"Crime, Drama, Mystery, Thriller",80545,2013-01-21,
96,tt0201391,2013-04-24,2013-04-24,,Roswell,https://www.imdb.com/title/tt0201391/,tvSeries,7.5,42,1999,"Drama, Mystery, Sci-Fi, Thriller",25199,1999-10-04,
97,tt0068098,2013-04-24,2013-04-24,,M*A*S*H,https://www.imdb.com/title/tt0068098/,tvSeries,8.4,25,1972,"Comedy, Drama, War",46611,1972-09-17,
98,tt0452046,2013-04-24,2013-04-24,,Criminal Minds,https://www.imdb.com/title/tt0452046/,tvSeries,8.1,42,2005,"Crime, Drama, Mystery, Thriller",138032,2005-09-22,
99,tt0386676,2013-04-24,2013-04-24,,The Office,https://www.imdb.com/title/tt0386676/,tvSeries,8.8,22,2005,Comedy,292911,2005-03-24,
100,tt1132290,2013-04-24,2013-04-24,,Warehouse 13,https://www.imdb.com/title/tt1132290/,tvSeries,7.6,43,2009,"Drama, Mystery, Sci-Fi, Thriller",43149,2009-07-07,
101,tt0796264,2013-04-24,2013-04-24,,Eureka,https://www.imdb.com/title/tt0796264/,tvSeries,7.9,60,2006,"Adventure, Comedy, Drama, Romance, Sci-Fi",44567,2006-07-18,
102,tt0081912,2013-04-24,2013-04-24,,Only Fools and Horses....,https://www.imdb.com/title/tt0081912/,tvSeries,8.9,95,1981,Comedy,40462,1981-09-08,
103,tt0387764,2013-04-24,2013-04-24,,Peep Show,https://www.imdb.com/title/tt0387764/,tvSeries,8.6,25,2003,Comedy,45494,2003-09-19,
104,tt0487831,2013-04-24,2013-04-24,,The IT Crowd,https://www.imdb.com/title/tt0487831/,tvSeries,8.5,25,2006,Comedy,116956,2006-02-03,
105,tt0187664,2013-04-24,2013-04-24,,Spaced,https://www.imdb.com/title/tt0187664/,tvSeries,8.6,25,1999,"Action, Comedy",46202,1999-09-24,
106,tt1856010,2013-04-24,2013-04-24,,House of Cards,https://www.imdb.com/title/tt1856010/,tvSeries,8.8,51,2013,Drama,428030,2013-02-01,
107,tt0052520,2013-04-24,2013-04-24,,The Twilight Zone,https://www.imdb.com/title/tt0052520/,tvSeries,9.0,51,1959,"Fantasy, Horror, Mystery, Sci-Fi, Thriller",60791,1959-10-02,
108,tt2149175,2013-04-24,2013-04-24,,The Americans,https://www.imdb.com/title/tt2149175/,tvSeries,8.4,44,2013,"Crime, Drama, Mystery, Thriller",72570,2013-01-30,
109,tt1837642,2013-04-24,2013-04-24,,Revenge,https://www.imdb.com/title/tt1837642/,tvSeries,7.9,44,2011,"Drama, Mystery, Thriller",107212,2011-09-21,
110,tt1255913,2013-04-24,2013-04-24,,Bored to Death,https://www.imdb.com/title/tt1255913/,tvSeries,7.9,28,2009,"Comedy, Crime, Drama, Mystery, Thriller",30062,2009-09-20,
111,tt1235099,2013-04-24,2013-04-24,,Lie to Me,https://www.imdb.com/title/tt1235099/,tvSeries,8.0,43,2009,"Crime, Drama, Mystery, Thriller",103336,2009-01-21,
112,tt1319735,2013-04-24,2013-04-24,,Royal Pains,https://www.imdb.com/title/tt1319735/,tvSeries,7.1,42,2009,"Comedy, Drama",17933,2009-05-04,
113,tt1299368,2013-04-24,2013-04-24,,Southland,https://www.imdb.com/title/tt1299368/,tvSeries,8.4,42,2009,"Crime, Drama, Thriller",23549,2009-04-09,
114,tt0118480,2013-04-24,2013-04-24,,Stargate SG-1,https://www.imdb.com/title/tt0118480/,tvSeries,8.4,44,1997,"Action, Adventure, Drama, Sci-Fi",77402,1997-07-27,
115,tt0496424,2013-04-24,2013-04-24,,30 Rock,https://www.imdb.com/title/tt0496424/,tvSeries,8.2,22,2006,Comedy,103651,2006-10-11,
116,tt0934814,2013-04-24,2013-04-24,,Chuck,https://www.imdb.com/title/tt0934814/,tvSeries,8.2,43,2007,"Action, Comedy, Drama",120451,2007-09-24,
117,tt2172103,2013-04-24,2013-04-24,,Last Resort,https://www.imdb.com/title/tt2172103/,tvSeries,7.4,60,2012,"Action, Drama, Mystery, Sci-Fi, Thriller",20433,2012-09-27,
118,tt1839578,2013-04-24,2013-04-24,,Person of Interest,https://www.imdb.com/title/tt1839578/,tvSeries,8.4,43,2011,"Action, Crime, Drama, Mystery, Sci-Fi, Thriller",152359,2011-09-22,
119,tt1826940,2013-04-24,2013-04-24,,New Girl,https://www.imdb.com/title/tt1826940/,tvSeries,7.7,22,2011,Comedy,169695,2011-09-20,
120,tt0165598,2013-04-24,2013-04-24,,That '70s Show,https://www.imdb.com/title/tt0165598/,tvSeries,8.1,22,1998,"Comedy, Romance",139510,1998-08-23,
121,tt0874936,2013-04-24,2013-04-24,,Life,https://www.imdb.com/title/tt0874936/,tvSeries,8.3,45,2007,"Crime, Drama, Mystery",31442,2007-09-26,
122,tt1615919,2013-04-24,2013-04-24,,Raising Hope,https://www.imdb.com/title/tt1615919/,tvSeries,8.0,22,2010,"Comedy, Family",33304,2010-09-01,
123,tt0060028,2013-04-24,2013-04-24,,Star Trek,https://www.imdb.com/title/tt0060028/,tvSeries,8.3,50,1966,"Action, Adventure, Sci-Fi",65999,1966-09-08,
124,tt0092455,2013-04-24,2013-04-24,,Star Trek: The Next Generation,https://www.imdb.com/title/tt0092455/,tvSeries,8.6,44,1987,"Action, Adventure, Mystery, Sci-Fi",86140,1987-09-26,
125,tt0112178,2013-04-24,2013-04-24,,Star Trek: Voyager,https://www.imdb.com/title/tt0112178/,tvSeries,7.7,44,1995,"Action, Adventure, Sci-Fi",50928,1995-01-10,
126,tt0285335,2013-04-24,2013-04-24,,The Amazing Race,https://www.imdb.com/title/tt0285335/,tvSeries,7.6,60,2001,"Action, Adventure, Family, Game-Show, Reality-TV",12743,2001-09-05,
127,tt2306299,2013-04-24,2013-04-24,,Vikings,https://www.imdb.com/title/tt2306299/,tvSeries,8.6,44,2013,"Action, Adventure, Drama, History, Romance, War",335864,2013-03-03,
128,tt0239195,2013-04-24,2013-04-24,,Survivor,https://www.imdb.com/title/tt0239195/,tvSeries,7.1,60,2000,"Adventure, Game-Show, Reality-TV",20088,2000-05-31,
129,tt0364845,2013-04-24,2013-04-24,,NCIS: Naval Criminal Investigative Service,https://www.imdb.com/title/tt0364845/,tvSeries,7.8,60,2003,"Action, Crime, Drama, Mystery, Thriller",107061,2003-09-23,
130,tt2243973,2013-04-24,2013-04-24,,Hannibal,https://www.imdb.com/title/tt2243973/,tvSeries,8.5,44,2013,"Crime, Drama, Horror, Mystery, Thriller",201241,2013-04-04,
131,tt2188671,2013-04-24,2013-04-24,,Bates Motel,https://www.imdb.com/title/tt2188671/,tvSeries,8.2,45,2013,"Drama, Horror, Mystery, Thriller",86118,2013-03-18,
132,tt2193021,2013-04-24,2013-04-24,,Arrow,https://www.imdb.com/title/tt2193021/,tvSeries,7.7,42,2012,"Action, Adventure, Crime, Drama, Mystery, Sci-Fi",378121,2012-10-10,
133,tt1843230,2013-04-24,2013-04-24,,Once Upon a Time,https://www.imdb.com/title/tt1843230/,tvSeries,7.8,60,2011,"Adventure, Fantasy, Romance",197805,2011-10-23,
134,tt2070791,2013-04-24,2013-04-24,,Revolution,https://www.imdb.com/title/tt2070791/,tvSeries,6.7,43,2012,"Action, Adventure, Drama, Sci-Fi",78098,2012-09-17,
135,tt0460627,2013-04-24,2013-04-24,,Bones,https://www.imdb.com/title/tt0460627/,tvSeries,7.9,40,2005,"Comedy, Crime, Drama, Mystery, Romance",129584,2005-09-13,
136,tt0369179,2013-04-24,2013-04-24,,Two and a Half Men,https://www.imdb.com/title/tt0369179/,tvSeries,7.1,22,2003,"Comedy, Romance",225969,2003-09-22,
137,tt1327801,2013-04-24,2013-04-24,,Glee,https://www.imdb.com/title/tt1327801/,tvSeries,6.8,44,2009,"Comedy, Drama, Music, Musical",125037,2009-05-19,
138,tt1219024,2013-04-24,2013-04-24,,Castle,https://www.imdb.com/title/tt1219024/,tvSeries,8.1,43,2009,"Comedy, Crime, Drama, Mystery, Romance",132485,2009-03-09,
139,tt1663676,2013-04-24,2013-04-24,,Awkward.,https://www.imdb.com/title/tt1663676/,tvSeries,7.6,22,2011,"Comedy, Drama, Romance",40802,2011-07-19,
140,tt1606375,2013-04-24,2013-04-24,,Downton Abbey,https://www.imdb.com/title/tt1606375/,tvSeries,8.7,58,2010,"Drama, Romance",141164,2010-09-26,
141,tt1830617,2013-04-24,2013-04-24,,Grimm,https://www.imdb.com/title/tt1830617/,tvSeries,7.8,45,2011,"Drama, Fantasy, Horror, Mystery",101915,2011-10-28,
142,tt1600194,2013-04-24,2013-04-24,,Hawaii Five-0,https://www.imdb.com/title/tt1600194/,tvSeries,7.4,42,2010,"Action, Crime, Drama",61174,2010-09-20,
143,tt1578873,2013-04-24,2013-04-24,,Pretty Little Liars,https://www.imdb.com/title/tt1578873/,tvSeries,7.5,44,2010,"Drama, Mystery, Romance, Thriller",142122,2010-06-08,
144,tt0247082,2013-04-24,2013-04-24,,CSI: Crime Scene Investigation,https://www.imdb.com/title/tt0247082/,tvSeries,7.7,60,2000,"Crime, Drama, Mystery, Thriller",73139,2000-10-06,
145,tt2191671,2013-04-24,2013-04-24,,Elementary,https://www.imdb.com/title/tt2191671/,tvSeries,7.9,60,2012,"Crime, Drama, Mystery",93136,2012-09-27,
146,tt2193041,2013-04-24,2013-04-24,,Beauty and the Beast,https://www.imdb.com/title/tt2193041/,tvSeries,7.2,60,2012,"Drama, Horror, Romance, Sci-Fi, Thriller",33259,2012-10-11,
147,tt1592154,2013-04-24,2013-04-24,,Nikita,https://www.imdb.com/title/tt1592154/,tvSeries,7.7,60,2010,"Action, Crime, Drama, Thriller",46300,2010-09-09,
148,tt1429449,2013-04-24,2013-04-24,,Lost Girl,https://www.imdb.com/title/tt1429449/,tvSeries,7.7,44,2010,"Drama, Fantasy",26760,2010-09-12,
149,tt0071007,2013-04-24,2013-04-24,,Little House on the Prairie,https://www.imdb.com/title/tt0071007/,tvSeries,7.4,60,1974,"Drama, Family, Romance, Western",14512,1974-03-30,
150,tt1723816,2013-04-24,2013-04-24,,Girls,https://www.imdb.com/title/tt1723816/,tvSeries,7.3,28,2012,"Comedy, Drama",60852,2012-03-12,
151,tt1845307,2013-04-24,2013-04-24,,2 Broke Girls,https://www.imdb.com/title/tt1845307/,tvSeries,6.7,22,2011,Comedy,84535,2011-09-19,
152,tt1741256,2013-04-24,2013-04-24,,Suburgatory,https://www.imdb.com/title/tt1741256/,tvSeries,7.2,22,2011,Comedy,29272,2011-09-28,
153,tt0279600,2013-04-24,2013-04-24,,Smallville,https://www.imdb.com/title/tt0279600/,tvSeries,7.5,60,2001,"Adventure, Drama, Romance, Sci-Fi",108619,2001-05-16,
154,tt2056366,2013-04-24,2013-04-24,,The Carrie Diaries,https://www.imdb.com/title/tt2056366/,tvSeries,7.1,42,2013,"Comedy, Romance",24553,2013-01-14,
155,tt0397442,2013-04-24,2013-04-24,,Gossip Girl,https://www.imdb.com/title/tt0397442/,tvSeries,7.4,42,2007,"Drama, Romance",139053,2007-09-19,
156,tt1832979,2013-04-24,2013-04-24,,Hart of Dixie,https://www.imdb.com/title/tt1832979/,tvSeries,7.7,60,2011,"Comedy, Drama, Romance",40920,2011-09-26,
157,tt1225901,2013-04-24,2013-04-24,,90210,https://www.imdb.com/title/tt1225901/,tvSeries,6.1,60,2008,"Comedy, Drama, Romance",40326,2008-09-02,
158,tt2281375,2013-04-24,2013-04-24,,Nashville,https://www.imdb.com/title/tt2281375/,tvSeries,7.7,43,2012,"Drama, Music, Romance",21764,2012-10-10,
159,tt1986770,2013-04-24,2013-04-24,,Anger Management,https://www.imdb.com/title/tt1986770/,tvSeries,6.6,22,2012,"Comedy, Romance",28934,2012-06-28,
160,tt0203259,2013-04-24,2013-04-24,,Law & Order: Special Victims Unit,https://www.imdb.com/title/tt0203259/,tvSeries,8.0,60,1999,"Crime, Drama, Mystery, Thriller",68590,1999-09-20,
161,tt2017109,2013-04-24,2013-04-24,,Banshee,https://www.imdb.com/title/tt2017109/,tvSeries,8.4,60,2013,"Action, Crime, Drama, Mystery, Thriller",75527,2013-01-11,
162,tt1821681,2013-04-24,2013-04-24,,Touch,https://www.imdb.com/title/tt1821681/,tvSeries,7.4,43,2012,"Drama, Mystery, Sci-Fi",40803,2012-01-25,
163,tt1837576,2013-04-24,2013-04-24,,Scandal,https://www.imdb.com/title/tt1837576/,tvSeries,7.8,43,2012,"Drama, Thriller",63485,2012-04-05,
164,tt1587669,2013-04-24,2013-04-24,,Body of Proof,https://www.imdb.com/title/tt1587669/,tvSeries,7.1,60,2011,"Crime, Drama",13813,2011-01-25,
165,tt0368530,2013-04-24,2013-04-24,,One Tree Hill,https://www.imdb.com/title/tt0368530/,tvSeries,7.7,60,2003,"Drama, Romance, Sport",66539,2003-09-23,
166,tt1954347,2013-04-24,2013-04-24,,Continuum,https://www.imdb.com/title/tt1954347/,tvSeries,7.7,45,2012,"Action, Sci-Fi, Thriller",54483,2012-05-27,
167,tt1567432,2013-04-24,2013-04-24,,Teen Wolf,https://www.imdb.com/title/tt1567432/,tvSeries,7.7,41,2011,"Action, Drama, Fantasy, Romance, Thriller",115197,2011-06-05,
168,tt0319931,2013-04-24,2013-04-24,,American Idol: The Search for a Superstar,https://www.imdb.com/title/tt0319931/,tvSeries,4.2,42,2002,"Game-Show, Music, Reality-TV",20472,2002-06-11,
169,tt1825133,2013-04-24,2013-04-24,,Smash,https://www.imdb.com/title/tt1825133/,tvSeries,7.7,44,2012,"Drama, Musical",15550,2012-02-06,
170,tt0397306,2013-04-24,2013-04-24,,American Dad!,https://www.imdb.com/title/tt0397306/,tvSeries,7.4,22,2005,"Animation, Comedy",106133,2005-02-06,
171,tt0790772,2013-04-24,2013-04-24,,Rules of Engagement,https://www.imdb.com/title/tt0790772/,tvSeries,7.3,22,2007,"Comedy, Romance",29910,2007-02-03,
172,tt1305826,2013-04-24,2013-04-24,,Adventure Time with Finn & Jake,https://www.imdb.com/title/tt1305826/,tvSeries,8.6,11,2010,"Animation, Action, Adventure, Comedy, Family, Fantasy, Sci-Fi",65293,2010-04-05,
173,tt1595680,2013-04-24,2013-04-24,,Being Human,https://www.imdb.com/title/tt1595680/,tvSeries,7.5,44,2011,"Drama, Fantasy, Horror",23338,2011-01-17,
174,tt1462059,2013-04-24,2013-04-24,,Falling Skies,https://www.imdb.com/title/tt1462059/,tvSeries,7.2,42,2011,"Action, Adventure, Drama, Sci-Fi, Thriller",82170,2011-06-19,
175,tt1199099,2013-04-24,2013-04-24,,Merlin,https://www.imdb.com/title/tt1199099/,tvSeries,7.9,45,2008,"Adventure, Drama, Fantasy",65836,2008-09-20,
176,tt0395843,2013-04-24,2013-04-24,,CSI: NY,https://www.imdb.com/title/tt0395843/,tvSeries,7.0,43,2004,"Action, Crime, Drama, Mystery, Thriller",41140,2004-09-22,
177,tt1441109,2013-04-24,2013-04-24,,Cougar Town,https://www.imdb.com/title/tt1441109/,tvSeries,7.0,22,2009,"Comedy, Romance",38682,2009-09-23,
178,tt1190689,2013-04-24,2013-04-24,,Nurse Jackie,https://www.imdb.com/title/tt1190689/,tvSeries,7.7,27,2009,"Comedy, Drama",22705,2009-06-08,
179,tt2211129,2013-04-24,2013-04-24,,The Mindy Project,https://www.imdb.com/title/tt2211129/,tvSeries,7.4,30,2012,Comedy,26719,2012-09-25,
180,tt0840196,2013-04-24,2013-04-24,,Skins,https://www.imdb.com/title/tt0840196/,tvSeries,8.2,46,2007,Drama,68706,2007-01-25,
181,tt2300923,2013-04-24,2013-04-24,,Go On,https://www.imdb.com/title/tt2300923/,tvSeries,7.6,22,2012,Comedy,19095,2012-08-08,
182,tt0758790,2013-04-24,2013-04-24,,The Tudors,https://www.imdb.com/title/tt0758790/,tvSeries,8.1,60,2007,"Drama, History, Romance, War",62255,2007-04-01,
183,tt0092359,2013-04-24,2013-04-24,,Full House,https://www.imdb.com/title/tt0092359/,tvSeries,6.7,22,1987,"Comedy, Drama, Family",48648,1987-09-22,
184,tt2261391,2013-04-24,2013-04-24,,Chicago Fire,https://www.imdb.com/title/tt2261391/,tvSeries,7.9,43,2012,"Action, Drama",30336,2012-10-10,
185,tt0383126,2013-04-24,2013-04-24,,MythBusters,https://www.imdb.com/title/tt0383126/,tvSeries,8.3,44,2003,"Documentary, Mystery, Reality-TV",48666,2003-01-23,
186,tt1759761,2013-04-24,2013-04-24,,Veep,https://www.imdb.com/title/tt1759761/,tvSeries,8.2,28,2012,Comedy,36314,2012-04-22,
187,tt0159206,2013-04-24,2013-04-24,,Sex and the City,https://www.imdb.com/title/tt0159206/,tvSeries,7.1,30,1998,"Comedy, Drama, Romance",95652,1998-06-06,
188,tt0417299,2013-04-24,2013-04-24,,Avatar: The Last Airbender,https://www.imdb.com/title/tt0417299/,tvSeries,9.2,23,2005,"Animation, Action, Adventure, Family, Fantasy, Mystery",187947,2005-02-21,
189,tt1442464,2013-04-24,2013-04-24,,The Middle,https://www.imdb.com/title/tt1442464/,tvSeries,7.5,22,2009,Comedy,41077,2009-09-30,
190,tt0214341,2013-04-24,2013-04-24,,Dragon Ball Z,https://www.imdb.com/title/tt0214341/,tvSeries,8.7,24,1996,"Animation, Action, Adventure, Fantasy, Sci-Fi, Thriller",100844,1996-09-13,
191,tt0158552,2013-04-24,2013-04-24,,Charmed,https://www.imdb.com/title/tt0158552/,tvSeries,7.1,42,1998,"Drama, Fantasy, Mystery",68794,1998-10-07,
192,tt1561755,2013-04-24,2013-04-24,,Bob's Burgers,https://www.imdb.com/title/tt1561755/,tvSeries,8.1,22,2011,"Animation, Comedy",55866,2011-01-09,
193,tt1179817,2013-04-24,2013-04-24,,The Secret Life of the American Teenager,https://www.imdb.com/title/tt1179817/,tvSeries,5.1,43,2008,"Comedy, Drama, Family, Romance",18594,2008-09-03,
194,tt1798274,2013-04-24,2013-04-24,,The Lying Game,https://www.imdb.com/title/tt1798274/,tvSeries,7.4,44,2011,"Drama, Mystery",17431,2011-08-15,
195,tt1610527,2013-04-24,2013-04-24,,Workaholics,https://www.imdb.com/title/tt1610527/,tvSeries,8.1,22,2011,Comedy,42543,2011-04-06,
196,tt0072562,2013-04-24,2013-04-24,,Saturday Night Live,https://www.imdb.com/title/tt0072562/,tvSeries,8.1,90,1975,"Comedy, Music",39065,1975-10-11,
197,tt0163503,2013-04-24,2013-04-24,,Top Gear,https://www.imdb.com/title/tt0163503/,tvSeries,8.3,30,1978,Documentary,24348,1978-07-13,
198,tt0112175,2013-04-24,2013-04-24,,Spider-Man,https://www.imdb.com/title/tt0112175/,tvSeries,8.3,23,1994,"Animation, Action, Adventure, Crime, Drama, Family, Fantasy, Romance, Sci-Fi, Thriller",22880,1994-11-19,
199,tt1758772,2013-04-24,2013-04-24,,Switched at Birth,https://www.imdb.com/title/tt1758772/,tvSeries,7.8,60,2011,"Drama, Family, Romance",21608,2011-06-06,
200,tt1416765,2013-04-24,2013-04-24,,Parenthood,https://www.imdb.com/title/tt1416765/,tvSeries,8.2,60,2010,"Comedy, Drama",28052,2010-03-02,
201,tt0285333,2013-04-24,2013-04-24,,Alias,https://www.imdb.com/title/tt0285333/,tvSeries,7.6,42,2001,"Action, Drama, Mystery, Sci-Fi, Thriller",42118,2001-09-30,
202,tt0105958,2013-04-24,2013-04-24,,Boy Meets World,https://www.imdb.com/title/tt0105958/,tvSeries,8.1,23,1993,"Comedy, Drama, Family",35900,1993-09-24,
203,tt2197797,2013-04-24,2013-04-24,,666 Park Avenue,https://www.imdb.com/title/tt2197797/,tvSeries,6.9,60,2012,"Drama, Fantasy, Mystery, Sci-Fi, Thriller",16721,2012-09-30,
204,tt0206512,2013-04-24,2013-04-24,,SpongeBob SquarePants,https://www.imdb.com/title/tt0206512/,tvSeries,8.1,23,1999,"Animation, Comedy, Family, Fantasy",73007,1999-04-30,
205,tt1628033,2013-04-24,2013-04-24,,Top Gear,https://www.imdb.com/title/tt1628033/,tvSeries,8.7,60,2002,"Comedy, Talk-Show",99999,2002-10-20,
206,tt0088526,2013-04-24,2013-04-24,,The Golden Girls,https://www.imdb.com/title/tt0088526/,tvSeries,7.9,30,1985,"Comedy, Drama",27453,1985-09-14,
207,tt0362359,2013-04-24,2013-04-24,,The O.C.,https://www.imdb.com/title/tt0362359/,tvSeries,7.5,44,2003,"Comedy, Drama, Romance",75112,2003-08-05,
208,tt1608180,2013-04-24,2013-04-24,,Mike & Molly,https://www.imdb.com/title/tt1608180/,tvSeries,6.4,30,2010,Comedy,21108,2010-09-20,
209,tt0103359,2013-04-24,2013-04-24,,Batman: The Animated Series,https://www.imdb.com/title/tt0103359/,tvSeries,8.9,23,1992,"Animation, Action, Adventure, Family, Sci-Fi",74066,1992-09-05,
210,tt0096548,2013-04-24,2013-04-24,,Blackadder Goes Forth,https://www.imdb.com/title/tt0096548/,tvSeries,8.8,175,1989,"Comedy, War",43026,1989-09-28,
212,tt1695360,2013-04-24,2013-04-24,,The Legend of Korra,https://www.imdb.com/title/tt1695360/,tvSeries,8.5,23,2012,"Animation, Action, Adventure, Drama, Family, Fantasy, Sci-Fi",85023,2012-04-14,
213,tt0353049,2013-04-24,2013-04-24,,Chappelle's Show,https://www.imdb.com/title/tt0353049/,tvSeries,8.7,22,2003,"Comedy, Music",46691,2003-01-22,
214,tt0280249,2013-04-24,2013-04-24,,Dragon Ball,https://www.imdb.com/title/tt0280249/,tvSeries,8.5,24,1986,"Animation, Action, Adventure, Fantasy, Sci-Fi, Thriller",46428,1986-02-26,
215,tt0262150,2013-04-24,2013-04-24,,Black Books,https://www.imdb.com/title/tt0262150/,tvSeries,8.5,25,2000,Comedy,49188,2000-09-29,
216,tt0237123,2013-04-24,2013-04-24,,Coupling,https://www.imdb.com/title/tt0237123/,tvSeries,8.6,30,2000,"Comedy, Romance",40037,2000-05-12,
217,tt0458254,2013-04-24,2013-04-24,,The Colbert Report,https://www.imdb.com/title/tt0458254/,tvSeries,8.5,30,2005,"Comedy, News, Talk-Show",36604,2005-10-17,
218,tt0096657,2013-04-24,2013-04-24,,Mr. Bean,https://www.imdb.com/title/tt0096657/,tvSeries,8.5,350,1990,"Comedy, Family",87327,1990-01-01,
219,tt0445114,2013-04-24,2013-04-24,,Extras,https://www.imdb.com/title/tt0445114/,tvSeries,8.3,30,2005,"Comedy, Drama",48243,2005-07-21,
220,tt0275137,2013-04-24,2013-04-24,,Justice League,https://www.imdb.com/title/tt0275137/,tvSeries,8.6,22,2001,"Animation, Action, Adventure, Drama, Family, Fantasy, Mystery, Romance, Sci-Fi, Thriller",36316,2001-11-17,
221,tt0094535,2013-04-24,2013-04-24,,Red Dwarf,https://www.imdb.com/title/tt0094535/,tvSeries,8.3,30,1988,"Comedy, Sci-Fi",30677,1988-02-15,
222,tt0094525,2013-04-24,2013-04-24,,Poirot,https://www.imdb.com/title/tt0094525/,tvSeries,8.6,100,1989,"Crime, Drama, Mystery, Thriller",32805,1989-01-08,
223,tt1220617,2013-04-24,2013-04-24,,The Inbetweeners,https://www.imdb.com/title/tt1220617/,tvSeries,8.3,25,2008,Comedy,71876,2008-05-01,
224,tt0278238,2013-04-24,2013-04-24,,Samurai Jack,https://www.imdb.com/title/tt0278238/,tvSeries,8.4,25,2001,"Animation, Action, Adventure, Fantasy, Sci-Fi, Thriller",39395,2001-08-10,
225,tt0220880,2013-04-24,2013-04-24,,Courage the Cowardly Dog,https://www.imdb.com/title/tt0220880/,tvSeries,8.3,11,1999,"Animation, Adventure, Comedy, Family, Fantasy, Horror",32836,1999-11-12,
226,tt0056751,2013-04-24,2013-04-24,,Doctor Who,https://www.imdb.com/title/tt0056751/,tvSeries,8.4,45,1963,"Adventure, Drama, Family, Sci-Fi",32688,1963-11-23,
227,tt1702042,2013-04-24,2013-04-24,,An Idiot Abroad,https://www.imdb.com/title/tt1702042/,tvSeries,8.3,43,2010,"Documentary, Adventure, Comedy, Reality-TV",27850,2010-09-05,
228,tt0187636,2013-04-24,2013-04-24,,Farscape,https://www.imdb.com/title/tt0187636/,tvSeries,8.3,50,1999,"Adventure, Drama, Sci-Fi",30588,1999-03-19,
229,tt0866442,2013-04-24,2013-04-24,,Eastbound & Down,https://www.imdb.com/title/tt0866442/,tvSeries,8.3,28,2009,"Comedy, Drama, Sport",47219,2009-02-15,
230,tt0290988,2013-04-24,2013-04-24,,Trailer Park Boys,https://www.imdb.com/title/tt0290988/,tvSeries,8.4,30,2001,"Comedy, Crime",33056,2001-04-22,
231,tt1344204,2013-04-24,2013-04-24,,Blue Mountain State,https://www.imdb.com/title/tt1344204/,tvSeries,8.4,22,2010,"Comedy, Sport",45838,2010-01-11,
232,tt0092400,2013-04-24,2013-04-24,,Married with Children,https://www.imdb.com/title/tt0092400/,tvSeries,8.1,22,1986,Comedy,89340,1986-12-12,
233,tt0373732,2013-04-24,2013-04-24,,The Boondocks,https://www.imdb.com/title/tt0373732/,tvSeries,8.4,22,2005,"Animation, Action, Comedy, Drama",24407,2005-11-06,
234,tt0105946,2013-04-24,2013-04-24,,Babylon 5,https://www.imdb.com/title/tt0105946/,tvSeries,8.3,45,1994,"Action, Adventure, Drama, Sci-Fi",25902,1994-01-26,
235,tt0106004,2013-04-24,2013-04-24,,Frasier,https://www.imdb.com/title/tt0106004/,tvSeries,8.1,22,1993,Comedy,66463,1993-09-16,
236,tt0460091,2013-04-24,2013-04-24,,My Name Is Earl,https://www.imdb.com/title/tt0460091/,tvSeries,7.8,22,2005,Comedy,91093,2005-09-20,
237,tt0098800,2013-04-24,2013-04-24,,The Fresh Prince of Bel-Air,https://www.imdb.com/title/tt0098800/,tvSeries,7.9,22,1990,Comedy,106561,1990-09-10,
238,tt1703925,2013-04-24,2013-04-24,,Wilfred,https://www.imdb.com/title/tt1703925/,tvSeries,7.8,22,2011,"Comedy, Drama, Mystery",38573,2011-06-23,
239,tt0083399,2013-04-24,2013-04-24,,Cheers,https://www.imdb.com/title/tt0083399/,tvSeries,7.9,22,1982,"Comedy, Drama",42590,1982-09-30,
240,tt0106145,2013-04-24,2013-04-24,,Star Trek: Deep Space Nine,https://www.imdb.com/title/tt0106145/,tvSeries,7.9,45,1993,"Action, Adventure, Drama, Sci-Fi",44593,1993-01-03,
241,tt0374455,2013-04-24,2013-04-24,,Stargate: Atlantis,https://www.imdb.com/title/tt0374455/,tvSeries,8.1,44,2004,"Action, Adventure, Drama, Sci-Fi",56837,2004-07-16,
242,tt0238784,2013-04-24,2013-04-24,,Gilmore Girls,https://www.imdb.com/title/tt0238784/,tvSeries,8.2,44,2000,"Comedy, Drama",86425,2000-10-05,
243,tt0914387,2013-04-24,2013-04-24,,Damages,https://www.imdb.com/title/tt0914387/,tvSeries,8.1,60,2007,"Crime, Drama, Mystery, Thriller",26381,2007-07-24,
244,tt0380136,2013-04-24,2013-04-24,,QI,https://www.imdb.com/title/tt0380136/,tvSeries,8.6,30,2003,"Comedy, Game-Show",27477,2003-09-11,
245,tt1641384,2013-04-24,2013-04-24,,Young Justice,https://www.imdb.com/title/tt1641384/,tvSeries,8.7,23,2010,"Animation, Action, Adventure, Drama, Romance, Sci-Fi",27103,2010-11-26,
246,tt0108872,2013-04-24,2013-04-24,,My So-Called Life,https://www.imdb.com/title/tt0108872/,tvSeries,8.4,60,1994,"Comedy, Drama, Romance",17725,1994-08-25,
247,tt0160904,2013-04-24,2013-04-24,,Spooks,https://www.imdb.com/title/tt0160904/,tvSeries,8.3,60,2002,"Drama, Thriller",13220,2002-05-13,
248,tt0437745,2013-04-24,2013-04-24,,Robot Chicken,https://www.imdb.com/title/tt0437745/,tvSeries,7.8,11,2005,"Animation, Action, Comedy, Drama, Sci-Fi, Thriller",37294,2005-02-20,
249,tt0112095,2013-04-24,2013-04-24,,NewsRadio,https://www.imdb.com/title/tt0112095/,tvSeries,7.9,23,1995,"Comedy, Romance",12107,1995-03-21,
250,tt0805661,2013-04-24,2013-04-24,,The Black Donnellys,https://www.imdb.com/title/tt0805661/,tvSeries,8.2,60,2007,"Crime, Drama",13303,2007-02-26,
251,tt0106028,2013-04-24,2013-04-24,,Homicide: Life on the Street,https://www.imdb.com/title/tt0106028/,tvSeries,8.6,60,1993,"Crime, Drama, Mystery, Thriller",10480,1993-01-31,
252,tt0348913,2013-04-24,2013-04-24,,Dead Like Me,https://www.imdb.com/title/tt0348913/,tvSeries,8.1,60,2003,"Comedy, Drama, Fantasy",37891,2003-06-27,
253,tt0925266,2013-04-24,2013-04-24,,Pushing Daisies,https://www.imdb.com/title/tt0925266/,tvSeries,8.4,44,2007,"Comedy, Drama, Fantasy, Mystery, Romance",51171,2007-10-03,
254,tt0417373,2013-04-24,2013-04-24,,The Venture Bros.,https://www.imdb.com/title/tt0417373/,tvSeries,8.5,22,2003,"Animation, Comedy, Sci-Fi",21801,2003-02-16,
255,tt0934320,2013-04-24,2013-04-24,,Summer Heights High,https://www.imdb.com/title/tt0934320/,tvMiniSeries,8.4,30,2007,"Comedy, Drama, Family, Musical, Romance",13448,2007-09-05,
256,tt0115082,2013-04-24,2013-04-24,,3rd Rock from the Sun,https://www.imdb.com/title/tt0115082/,tvSeries,7.8,60,1996,"Comedy, Family, Sci-Fi",43278,1996-01-09,
257,tt1389371,2013-04-24,2013-04-24,,Rubicon,https://www.imdb.com/title/tt1389371/,tvSeries,7.9,45,2010,"Crime, Drama, Mystery, Thriller",9738,2010-06-13,
258,tt0863046,2013-04-24,2013-04-24,,Flight of the Conchords,https://www.imdb.com/title/tt0863046/,tvSeries,8.6,28,2007,"Comedy, Music, Musical",50674,2007-06-17,
259,tt0478942,2013-04-24,2013-04-24,,Life on Mars,https://www.imdb.com/title/tt0478942/,tvSeries,8.4,60,2006,"Crime, Drama, Mystery, Sci-Fi",26645,2006-01-09,
260,tt0096684,2013-04-24,2013-04-24,,Quantum Leap,https://www.imdb.com/title/tt0096684/,tvSeries,8.1,60,1989,"Action, Adventure, Drama, Mystery, Sci-Fi",23703,1989-03-26,
261,tt0096708,2013-04-24,2013-04-24,,Tales from the Crypt,https://www.imdb.com/title/tt0096708/,tvSeries,8.0,25,1989,"Comedy, Crime, Fantasy, Horror, Thriller",19152,1989-06-10,
262,tt0402711,2013-04-24,2013-04-24,,Boston Legal,https://www.imdb.com/title/tt0402711/,tvSeries,8.4,44,2004,"Comedy, Crime, Drama",40097,2004-10-03,
263,tt1828246,2013-04-24,2013-04-24,,Missing,https://www.imdb.com/title/tt1828246/,tvSeries,7.0,60,2012,"Action, Drama, Thriller",9270,2012-03-11,
264,tt0094582,2013-04-24,2013-04-24,,The Wonder Years,https://www.imdb.com/title/tt0094582/,tvSeries,8.3,22,1988,"Comedy, Drama, Family, Romance",31731,1988-01-31,
265,tt0063929,2013-04-24,2013-04-24,,Monty Python's Flying Circus,https://www.imdb.com/title/tt0063929/,tvSeries,8.8,30,1969,Comedy,59137,1969-10-05,
266,tt1533395,2013-04-24,2013-04-24,,Life,https://www.imdb.com/title/tt1533395/,tvMiniSeries,9.1,473,2009,Documentary,33831,2009-10-12,
267,tt0072500,2013-04-24,2013-04-24,,Fawlty Towers,https://www.imdb.com/title/tt0072500/,tvSeries,8.8,30,1975,Comedy,75657,1975-09-19,
268,tt0088484,2013-04-24,2013-04-24,,Blackadder II,https://www.imdb.com/title/tt0088484/,tvSeries,8.6,176,1986,Comedy,38480,1986-01-09,
269,tt0092324,2013-04-24,2013-04-24,,Blackadder the Third,https://www.imdb.com/title/tt0092324/,tvSeries,8.6,180,1987,Comedy,36875,1987-09-17,
270,tt0290978,2013-04-24,2013-04-24,,The Office,https://www.imdb.com/title/tt0290978/,tvSeries,8.5,30,2001,"Comedy, Drama",86155,2001-07-09,
271,tt0094517,2013-04-24,2013-04-24,,Mystery Science Theater 3000,https://www.imdb.com/title/tt0094517/,tvSeries,8.5,92,1988,"Comedy, Sci-Fi",21783,1988-11-24,
272,tt0163507,2013-04-24,2013-04-24,,Whose Line Is It Anyway?,https://www.imdb.com/title/tt0163507/,tvSeries,8.5,30,1998,"Comedy, Game-Show",37191,1998-08-05,
273,tt0111958,2013-04-24,2013-04-24,,Father Ted,https://www.imdb.com/title/tt0111958/,tvSeries,8.6,25,1995,Comedy,32745,1995-04-21,
274,tt0103584,2013-04-24,2013-04-24,,X-Men,https://www.imdb.com/title/tt0103584/,tvSeries,8.5,23,1992,"Animation, Action, Family, Sci-Fi, Thriller",33178,1992-10-31,
275,tt0084988,2013-04-24,2013-04-24,,The Black Adder,https://www.imdb.com/title/tt0084988/,tvSeries,8.1,195,1982,Comedy,32249,1982-06-20,
276,tt0883772,2013-04-24,2013-04-24,,Man vs. Wild,https://www.imdb.com/title/tt0883772/,tvSeries,8.2,60,2006,"Adventure, Reality-TV",20989,2006-10-27,
277,tt0416394,2013-04-24,2013-04-24,,The Mighty Boosh,https://www.imdb.com/title/tt0416394/,tvSeries,8.4,30,2003,"Comedy, Fantasy, Musical",18822,2003-05-20,
278,tt0092345,2013-04-24,2013-04-24,,DuckTales,https://www.imdb.com/title/tt0092345/,tvSeries,8.1,23,1987,"Animation, Adventure, Comedy, Family",26336,1987-09-18,
279,tt0112123,2013-04-24,2013-04-24,,Pinky and the Brain,https://www.imdb.com/title/tt0112123/,tvSeries,7.9,30,1995,"Animation, Comedy, Family, Sci-Fi",25943,1995-09-09,
280,tt1235547,2013-04-24,2013-04-24,,Better Off Ted,https://www.imdb.com/title/tt1235547/,tvSeries,8.2,30,2009,"Comedy, Sci-Fi",23477,2009-03-18,
281,tt0379632,2013-04-24,2013-04-24,,Hustle,https://www.imdb.com/title/tt0379632/,tvSeries,8.2,60,2004,"Crime, Drama, Mystery",20538,2004-02-24,
282,tt0115157,2013-04-24,2013-04-24,,Dexter's Laboratory,https://www.imdb.com/title/tt0115157/,tvSeries,7.9,23,1996,"Animation, Comedy, Family, Sci-Fi",38468,1996-03-31,
283,tt0485842,2013-04-24,2013-04-24,,Studio 60 on the Sunset Strip,https://www.imdb.com/title/tt0485842/,tvSeries,8.3,44,2006,"Comedy, Drama",22129,2006-08-26,
284,tt0086817,2013-04-24,2013-04-24,,Transformers,https://www.imdb.com/title/tt0086817/,tvSeries,8.0,30,1984,"Animation, Action, Adventure, Family, Sci-Fi",18799,1984-09-17,
285,tt0131613,2013-04-24,2013-04-24,,Teenage Mutant Ninja Turtles,https://www.imdb.com/title/tt0131613/,tvSeries,7.9,30,1987,"Animation, Action, Adventure, Comedy, Crime, Family, Mystery, Sci-Fi, Thriller",27713,1987-12-14,
286,tt1839683,2013-04-24,2013-04-24,,Awake,https://www.imdb.com/title/tt1839683/,tvSeries,7.9,43,2012,"Drama, Fantasy, Mystery, Sci-Fi",19811,2012-02-16,
287,tt0063950,2013-04-24,2013-04-24,,"Scooby Doo, Where Are You!",https://www.imdb.com/title/tt0063950/,tvSeries,7.9,60,1969,"Animation, Comedy, Family, Mystery",26353,1969-09-13,
288,tt0118298,2013-04-24,2013-04-24,,Daria,https://www.imdb.com/title/tt0118298/,tvSeries,8.1,30,1997,"Animation, Comedy, Drama, Romance",21517,1997-03-03,
289,tt0297494,2013-04-24,2013-04-24,,Aqua Teen Hunger Force,https://www.imdb.com/title/tt0297494/,tvSeries,7.7,15,2000,"Animation, Comedy",21219,2000-12-30,
290,tt1439741,2013-04-24,2013-04-24,,Human Target,https://www.imdb.com/title/tt1439741/,tvSeries,7.8,60,2010,"Action, Adventure, Crime, Drama, Thriller",16589,2010-01-15,
291,tt0115200,2013-04-24,2013-04-24,,Hey Arnold!,https://www.imdb.com/title/tt0115200/,tvSeries,7.7,15,1996,"Animation, Comedy, Drama, Family",27518,1996-09-09,
292,tt0086661,2013-04-24,2013-04-24,,The Adventures of Sherlock Holmes,https://www.imdb.com/title/tt0086661/,tvSeries,8.7,60,1984,"Crime, Drama, Mystery",17634,1984-04-24,
293,tt0074028,2013-04-24,2013-04-24,,The Muppet Show,https://www.imdb.com/title/tt0074028/,tvSeries,8.4,30,1976,"Comedy, Family, Music",20683,1976-01-29,
294,tt0115147,2013-04-24,2013-04-24,,The Daily Show,https://www.imdb.com/title/tt0115147/,tvSeries,8.5,22,1996,"Comedy, News, Talk-Show",41952,1996-07-22,
295,tt0088491,2013-04-24,2013-04-24,,The Bugs Bunny/Looney Tunes Comedy Hour,https://www.imdb.com/title/tt0088491/,tvSeries,8.4,45,1985,"Animation, Family, Comedy",14608,1985-09-07,
296,tt0129690,2013-04-24,2013-04-24,,I'm Alan Partridge,https://www.imdb.com/title/tt0129690/,tvSeries,8.5,29,1997,Comedy,16534,1997-11-03,
297,tt0397150,2013-04-24,2013-04-24,,Garth Marenghi's Darkplace,https://www.imdb.com/title/tt0397150/,tvSeries,8.5,30,2004,"Comedy, Fantasy, Horror, Sci-Fi",14323,2004-01-29,
298,tt0346314,2013-04-24,2013-04-24,,Kôkaku kidôtai: Stand Alone Complex,https://www.imdb.com/title/tt0346314/,tvSeries,8.5,24,2002,"Animation, Action, Crime, Sci-Fi, Thriller",16053,2002-10-01,
299,tt0043208,2013-04-24,2013-04-24,,I Love Lucy,https://www.imdb.com/title/tt0043208/,tvSeries,8.4,30,1951,"Comedy, Family",20562,1951-10-15,
300,tt0235923,2013-04-24,2013-04-24,,Invader ZIM,https://www.imdb.com/title/tt0235923/,tvSeries,8.3,24,2001,"Animation, Action, Adventure, Comedy, Family, Sci-Fi",17660,2001-03-30,
301,tt0103352,2013-04-24,2013-04-24,,Are You Afraid of the Dark?,https://www.imdb.com/title/tt0103352/,tvSeries,8.3,30,1990,"Drama, Family, Fantasy, Horror, Mystery, Sci-Fi, Thriller",11869,1990-10-31,
302,tt0179552,2013-04-24,2013-04-24,,The Adventures of Tintin,https://www.imdb.com/title/tt0179552/,tvSeries,8.3,30,1991,"Animation, Action, Adventure, Comedy, Crime, Family, Mystery",15450,1991-10-02,
303,tt0086659,2013-04-24,2013-04-24,,'Allo 'Allo!,https://www.imdb.com/title/tt0086659/,tvSeries,8.3,45,1982,"Comedy, History, War",21936,1982-12-30,
304,tt1466074,2013-04-24,2013-04-24,,Columbo,https://www.imdb.com/title/tt1466074/,tvSeries,8.2,100,1971,"Crime, Drama, Mystery, Thriller",23679,1971-03-01,
305,tt0105933,2013-04-24,2013-04-24,,The Adventures of Pete & Pete,https://www.imdb.com/title/tt0105933/,tvSeries,8.3,30,1992,"Comedy, Drama",8527,1993-11-28,
306,tt0103376,2013-04-24,2013-04-24,,Bottom,https://www.imdb.com/title/tt0103376/,tvSeries,8.2,30,1991,Comedy,10737,1991-09-17,
307,tt0098878,2013-04-24,2013-04-24,,Northern Exposure,https://www.imdb.com/title/tt0098878/,tvSeries,8.3,60,1990,"Comedy, Drama, Fantasy",13805,1990-07-12,
308,tt0361256,2013-04-24,2013-04-24,,Wonderfalls,https://www.imdb.com/title/tt0361256/,tvSeries,8.2,60,2004,"Comedy, Drama, Fantasy",11627,2004-03-12,
309,tt0083505,2013-04-24,2013-04-24,,The Young Ones,https://www.imdb.com/title/tt0083505/,tvSeries,8.2,410,1982,Comedy,12211,1982-11-09,
310,tt0197159,2013-04-24,2013-04-24,,Home Movies,https://www.imdb.com/title/tt0197159/,tvSeries,8.1,30,1999,"Animation, Comedy, Drama",8704,1999-04-26,
311,tt0346369,2013-04-24,2013-04-24,,Penn & Teller: Bullshit!,https://www.imdb.com/title/tt0346369/,tvSeries,8.2,30,2003,"Comedy, Documentary",11168,2003-01-24,
312,tt0839188,2013-04-24,2013-04-24,,Metalocalypse,https://www.imdb.com/title/tt0839188/,tvSeries,8.3,11,2006,"Animation, Comedy, Music",14414,2006-08-06,
313,tt1637574,2013-04-24,2013-04-24,,Conan,https://www.imdb.com/title/tt1637574/,tvSeries,8.1,42,2010,"Comedy, Music, Talk-Show",20717,2010-11-08,
314,tt0106115,2013-04-24,2013-04-24,,Rocko's Modern Life,https://www.imdb.com/title/tt0106115/,tvSeries,8.0,30,1993,"Animation, Comedy, Family",17218,1993-09-18,
315,tt0423661,2013-04-24,2013-04-24,,Green Wing,https://www.imdb.com/title/tt0423661/,tvSeries,8.3,65,2004,"Comedy, Drama",10175,2004-09-03,
316,tt0108783,2013-04-24,2013-04-24,,Gargoyles,https://www.imdb.com/title/tt0108783/,tvSeries,8.1,30,1994,"Animation, Action, Adventure, Crime, Drama, Family, Fantasy, Mystery, Romance, Thriller",12483,1994-10-24,
317,tt0273028,2013-04-24,2013-04-24,,Undeclared,https://www.imdb.com/title/tt0273028/,tvSeries,8.0,22,2001,Comedy,15722,2001-09-25,
